"X_uid_","id","data","endereco","bairro","fonte","nome","url","dom_geo","cluster","x","y","classe_potencial_construtivo","potencial_construtivo","renda","dist_via_principal","dist_via_secundaria","dist_polo_padrao","dist_polo_valoriz","dist_polo_desvaloriz","area","precounit","preco","geom","z"
27,13735303,2022-07-26,"Rua Augusto Machado","SOUZA CRUZ","internet","Imovel WEB","http://www.lbimoveis.com/site/detalhes_imovel/86/terreno---souza-cruz--souza-cruz-brusque-terreno-no-souza-cruz-com-810m-dendo-15-m-de-frente-42m-","Dom_Geo_03",3,704925.34,6997801.31,"Baixo Potencial",0,1334.05,2495.22,467.7,628.58,1129.5,1,810,123.46,1e+05,c(704925.340828802, 6997801.30906473),123.46
32,13723809,2002-07-20,"Rua Bento Francisco Sgrott","PRIMEIRO DE MAIO","internet","William Imoveis","https://www.williamimoveis.com.br/detalhes_imovel/3726","Dom_Geo_03",2,707722.74,6998817.69,"Baixo Potencial",0,1450.13,429.4,1458.33,320.36,9.77,1980.75,559,169.95,95000,c(707722.743771753, 6998817.69383124),169.95
34,13723819,2002-07-20,"Rua Bento Francisco Sgrott","PRIMEIRO DE MAIO","internet","William Imoveis","https://www.williamimoveis.com.br/detalhes_imovel/3726","Dom_Geo_03",2,707734.21,6998817.3,"Baixo Potencial",0,1450.13,434.61,1469.41,321.05,9.42,1983.16,637,172.68,110000,c(707734.209207966, 6998817.29512033),172.68
35,13735305,2022-07-26,"Cond. Panoramico III","SAO JOAO","internet","LB","http://www.lbimoveis.com/site/detalhes_imovel/1084/terreno-cedro-brusque-","Dom_Geo_03",0,701685.54,6992974.29,"Baixo Potencial",0,1134.7,5923.57,2544.17,76.14,278.58,1,922.11,173.52,160000,c(701685.539255397, 6992974.28784954),173.52
36,13698018,2022-07-15,"Lot. Independencia","AGUAS CLARAS","internet","GOLDINVEST","https://www.goldinvestimoveis.com.br/detalhes_imovel/4540/terreno-no-bairro-aguas-claras-brusque-venda-RS150000","Dom_Geo_03",3,706864.58,6994385.01,"Baixo Potencial",0,1286.37,778,1049.67,1,1509.97,1062.92,752.7,199.28,150000,c(706864.580604602, 6994385.00694677),199.28
37,13723937,2022-07-21,"rua Professor Euclides visconti","SAO PEDRO","internet","Jorge Floriani","https://www.jorgefloriani.com.br/imovel/comprar/terreno/brusque/s%C3%A3o-pedro/2709","Dom_Geo_01",2,704099.27,7003005.5,"Baixo Potencial",0,1056.65,2643.42,888.44,29.89,499.47,1280.12,988.88,202.25,2e+05,c(704099.27104381, 7003005.49772741),202.25
38,13730994,2022-07-25,"Rua Marcos Fischer","SAO PEDRO","internet","Tarcisio Fischer","http://www.imoveisdebrusque.com.br/imovel/94643/terreno-no-bairro-sao-pedro/","Dom_Geo_01",2,706200.78,7004124.13,"Baixo Potencial",0,1239.81,1485.59,196.76,178.59,1243.76,164.65,741.2,202.37,150000,c(706200.777373875, 7004124.1265353),202.37
47,13730971,2022-07-25,"Rua fernando Brandt","LIMEIRA BAIXA","internet","ARG","http://www.imoveisdebrusque.com.br/imovel/57499/lindos-lotes/","Dom_Geo_03",4,711526.51,7003900.57,"Baixo Potencial",0,1348,1357.17,1376.2,759.81,1318.3,1402.78,425,235.29,1e+05,c(711526.506330561, 7003900.56715422),235.29
48,13750685,2022-07-27,"Rua Alexandre barni","TOMAZ COELHO","internet","Vitor Imoveis","https://vitorimoveis-sc.com.br/imovel.php?id=3113","Dom_Geo_03",0,702650.33,6993960.49,"Baixo Potencial",0,1240.24,4884.53,2031.67,7,1644,611.94,744,248.66,185000,c(702650.329243655, 6993960.49394595),248.66
49,13661168,2022-07-12,"Rua Luiz João Schinkein","LIMEIRA BAIXA","internet","planifik",NA,"Dom_Geo_03",4,711479.2,7002366.02,"Baixo Potencial",0,1203.46,2162.03,2277.9,1,2687.87,99.04,470,255.32,120000,c(711479.202588631, 7002366.02282996),255.32
50,13730992,2022-07-25,"Rua Horizonte","VOLTA GRANDE","internet","ARG","http://www.imoveisdebrusque.com.br/imovel/79036/excelentes-lotes/","Dom_Geo_01",1,709784.85,7009930.76,"Baixo Potencial",0,1202.02,183.01,2915.97,1079.45,1,3178.86,450,255.56,115000,c(709784.845410316, 7009930.76426544),255.56
51,13730979,2022-07-25,"Rua Jose Reis - Zantao","ZANTAO","internet","Tarcisio Fischer","http://www.imoveisdebrusque.com.br/imovel/106961/terreno-no-bairro-zantao/","Dom_Geo_03",3,706968.46,6992012.26,"Baixo Potencial",0,1139.23,1439.34,3419.17,1483.4,3169.01,3189.14,348,258.62,90000,c(706968.461980856, 6992012.26495565),258.62
52,13710557,2022-07-18,"Lot. Independencia","AGUAS CLARAS","internet","GOLDINVEST","https://www.goldinvestimoveis.com.br/detalhes_imovel/4171/terreno-no-bairro-aguas-claras-brusque-venda-RS110000","Dom_Geo_03",3,706667.69,6994637.27,"Baixo Potencial",0,1301.39,1036.52,782.7,1,1632.83,1072.78,423.36,259.83,110000,c(706667.691548437, 6994637.26669499),259.83
53,13697856,2022-07-15,"Lot. Guillherme Bruns","DOM JOAQUIM","internet","CHF","https://www.chfimoveis.com.br/imovel/terreno-no-bairro-dom-joaquim-brusque-venda-RS130000/2997","Dom_Geo_03",0,702529.54,6995112.96,"Baixo Potencial",0,1445.59,5135.66,879.43,7.35,1295.32,698.56,496,262.1,130000,c(702529.540125929, 6995112.95520542),262.1
54,13647389,2022-07-12,"Rua Sebastiana de Mello","CEDRINHO","internet","Julio imoveis",NA,"Dom_Geo_03",3,705406.13,6994499.2,"Baixo Potencial",0,1220.59,2194.88,1524.19,74.72,2900.31,1990.38,601.83,265.86,160000,c(705406.129521283, 6994499.20119902),265.86
55,13750644,2022-07-27,"Rua Ernesto Kuchenbeck","SOUZA CRUZ","internet","WD","https://www.wdinvestimentos.com.br/imovel/terrenos-no-bairro-souza-cruz-brusque-venda-RS100000/1493","Dom_Geo_03",3,705162.58,6997353.57,"Baixo Potencial",0,1289.5,2503.16,854.13,414.21,1566.62,221.04,364,274.73,1e+05,c(705162.577426677, 6997353.56670415),274.73
57,13731003,2022-07-25,"Rua Adrino Leopoldo de souza","AGUAS CLARAS","internet","Teresinho Baron","https://www.teresinhabaron.com.br/venda/1454/Terreno-Bairro-Aguas-Claras","Dom_Geo_03",3,706762.21,6995138.04,"Baixo Potencial",0,1323.15,1229.14,290.54,1,1521.7,855.84,572,279.72,160000,c(706762.211037306, 6995138.04078491),279.72
58,13661167,2022-07-12,"Rua Estados Unidos","LIMEIRA BAIXA","internet","planifik",NA,"Dom_Geo_03",4,711541.96,7002408.26,"Baixo Potencial",0,1206.08,2177.43,2295.17,1,2720.9,160.66,411.85,291.37,120000,c(711541.962865619, 7002408.25538627),291.37
59,13750686,2022-07-27,"Rua Arnaldo Lussoli","AGUAS CLARAS","internet","Vitor Imoveis","https://vitorimoveis-sc.com.br/imovel.php?id=3158","Dom_Geo_03",3,707838.8,6995179.49,"Baixo Potencial",0,1309.23,330.27,758.52,258.52,478.56,1,325,292.31,95000,c(707838.800497267, 6995179.49134088),292.31
60,13677291,2022-07-12,"Rua Arnoldo Ristow","ZANTAO","internet","planifik",NA,"Dom_Geo_03",3,707133.33,6993421.32,"Baixo Potencial",0,1190.45,584.25,2046.92,78.39,1871.86,1780.5,720,294.44,212000,c(707133.328082379, 6993421.31749543),294.44
61,13750669,2022-07-27,"Rua onze de maio","SAO JOAO","internet","Hoffmann","https://www.imobiliariahoffmann.com.br/imovel/504/terreno-em-brusque-no-bairro-cedro-alto/","Dom_Geo_03",0,701714.28,6993229.86,"Baixo Potencial",0,1154.06,5860.46,2377.8,262.72,529.31,81.36,610,295.08,180000,c(701714.276964039, 6993229.86483842),295.08
62,13721432,2002-07-20,"Rua Anoldo Ristow","ZANTAO","internet","William Imoveis","https://www.williamimoveis.com.br/detalhes_imovel/5023","Dom_Geo_03",3,707069.03,6992436.64,"Baixo Potencial",0,1139.98,1270.23,3007.41,1049.53,2742.74,2753.2,720,298.61,215000,c(707069.034593577, 6992436.64464626),298.61
66,13730976,2022-07-25,"Lot. Santa monica","LIMOEIRO","internet","ARG","http://www.imoveisdebrusque.com.br/imovel/96211/terreno-pronto-pra-construir/","Dom_Geo_02",1,710147.79,7006525.28,"Baixo Potencial",0,1329,924.15,511.11,616.91,1256.38,1,420,309.52,130000,c(710147.791437907, 7006525.27528533),309.52
67,13697432,2022-07-14,"Rua Carlos Ristow","AZAMBUJA","internet","Amo imoveis",NA,"Dom_Geo_03",3,707170.48,6996672.78,"Baixo Potencial",0,1317.71,1040.34,302.98,235.53,2017.4,91.81,838,310.26,260000,c(707170.484431557, 6996672.78383762),310.26
69,13647386,2022-07-12,"Rua ZT-013","ZANTAO","internet","Julio imoveis",NA,"Dom_Geo_03",3,707720.89,6992748.77,"Baixo Potencial",0,1126.22,720.17,2861.58,769.99,2217.8,2386.55,540,314.81,170000,c(707720.888231814, 6992748.76529281),314.81
71,13697836,2022-07-15,"Rua fernando Brandt","LIMEIRA BAIXA","internet","Zucco","https://www.imobiliariazucco.com.br/imovel/terreno-a-venda-408-m-por-130000-limeira-brusque-sc/TE0191-ZUCC?from=sale","Dom_Geo_03",4,711516.45,7003799.59,"Baixo Potencial",0,1338.79,1390.07,1426.42,763.21,1419.54,1301.3,408,318.63,130000,c(711516.450448973, 7003799.58780399),318.63
72,13698010,2022-07-18,"Lot. Jd. Alamandas","LIMEIRA BAIXA","internet","GOLDINVEST","https://www.goldinvestimoveis.com.br/detalhes_imovel/1098/terreno-no-bairro-limeira-baixa-brusque-venda-RS115000","Dom_Geo_03",4,712598.35,7003210.61,"Baixo Potencial",0,1265.71,2618.96,2650.85,1,2030.47,1404.58,360,319.44,115000,c(712598.346003083, 7003210.60979908),319.44
73,13710606,2022-07-18,"SF 006","STEFFEN","internet","PRIMAX","https://www.primaximoveis.com.br/imovel/terreno-no-bairro-steffen-brusque-venda-RS315000/15681","Dom_Geo_01",2,707297.57,7003700.83,"Baixo Potencial",0,1340.48,516.6,475.87,157.14,1094.79,1128.2,975,323.08,315000,c(707297.574853783, 7003700.82692207),323.08
74,13697845,2022-07-15,"Rua Octaviano Rosa",NA,"internet","Zucco","https://www.imobiliariazucco.com.br/imovel/terreno-a-venda-431-m-por-140000-cedro-alto-brusque-sc/TE0008-ZUCC?from=sale",NA,0,699876.81,6990563.23,"Baixo Potencial",0,1192.15,8349.69,3525.89,2966.9,1829.41,2463.43,431,324.83,140000,c(699876.807405876, 6990563.22743348),324.83
76,13698030,2022-07-18,"Lot. Prospero Cadore","LIMEIRA BAIXA","internet","GOLDINVEST","https://www.goldinvestimoveis.com.br/detalhes_imovel/4989/terreno-no-bairro-limeira-baixa-brusque-venda-RS135000","Dom_Geo_03",4,712249.44,7002724.76,"Baixo Potencial",0,1232.97,2526.68,2690.7,1,2475.43,893.06,411.84,327.8,135000,c(712249.436666825, 7002724.76400434),327.8
77,13735302,2022-07-26,"Rua Amalia schlinwein klann","AZAMBUJA","internet","Imovel WEB","https://www.imovelweb.com.br/propriedades/terreno-na-souza-cruz-2965771704.html","Dom_Geo_03",2,705801.15,6999368.48,"Baixo Potencial",0,1798.62,1046.17,481.12,27.77,249.07,1633.93,800,331.25,265000,c(705801.148247626, 6999368.4828462),331.25
80,13700380,2022-07-18,"Lot. Independencia","AGUAS CLARAS","internet","GOLDINVEST","https://www.goldinvestimoveis.com.br/detalhes_imovel/4040/terreno-no-bairro-aguas-claras-brusque-venda-RS125000","Dom_Geo_03",3,706694.45,6994695.96,"Baixo Potencial",0,1305.13,1034.6,724.07,1,1597.07,1022.63,360,347.22,125000,c(706694.450750445, 6994695.95689448),347.22
83,13647401,2022-07-12,"Wanda Kreidlow","AGUAS CLARAS","internet","planifik",NA,"Dom_Geo_03",3,706692.32,6995258.19,"Baixo Potencial",0,1322.62,1363,161.92,1,1607.24,927.06,286,349.65,1e+05,c(706692.316399755, 6995258.19192358),349.65
85,13735271,2022-07-26,"Rua Luiz Boni","PONTA RUSSA","internet","Brusimoveis","https://www.brusimoveis.com.br/detalhes_imovel/131/terreno-no-bairro-ponta-russa-brusque-venda-RS110000","Dom_Geo_03",3,709208.48,6996372.33,"Baixo Potencial",0,1210.68,938.96,1165.92,306.13,1388.96,1671.51,311.92,352.65,110000,c(709208.475356099, 6996372.32867978),352.65
86,13665989,2022-07-12,"Rua Veneza - Lot. Independência","AGUAS CLARAS","internet","planifik",NA,"Dom_Geo_03",3,706675.23,6994356.54,"Baixo Potencial",0,1282.95,942.4,1063.35,1,1697.52,1222.52,360,361.11,130000,c(706675.229315871, 6994356.53774837),361.11
87,13697596,2022-07-14,"Rua Eugenio Brandt","LIMEIRA BAIXA","internet","Moresco","https://imobiliariamoresco.com.br/imovel/3332/terreno-a-venda-limeira-baixa--brusque-sc","Dom_Geo_03",4,711535.7,7002919.52,"Baixo Potencial",0,1248.65,1828.61,1981.17,1,2298.62,441.41,360,361.11,130000,c(711535.701442912, 7002919.51790498),361.11
88,13710570,2022-07-18,"Lot. Independencia","AGUAS CLARAS","internet","GOLDINVEST","https://www.goldinvestimoveis.com.br/detalhes_imovel/698/terreno-no-bairro-aguas-claras-brusque-venda-RS130000","Dom_Geo_03",3,706625.23,6994562.26,"Baixo Potencial",0,1295.7,1052.57,859.35,1,1689.1,1146.13,360,361.11,130000,c(706625.226483639, 6994562.25535627),361.11
89,13647402,2022-07-12,"Luiz Boni","PONTA RUSSA","internet","planifik",NA,"Dom_Geo_03",3,709054.34,6996395.02,"Baixo Potencial",0,1229.14,783.57,1031.19,197.98,1411.31,1582.47,311.92,368.68,115000,c(709054.338771026, 6996395.01817878),368.68
90,13697826,2022-07-15,"Lot. Independencia","AGUAS CLARAS","internet","Zucco","https://www.imobiliariazucco.com.br/imovel/terreno-de-417-m-aguas-claras-brusque-a-venda-por-155000/TE0240-ZUCC?from=sale","Dom_Geo_03",3,706869.54,6994433.67,"Baixo Potencial",0,1291.02,782.9,1002.56,1,1488.62,1025.56,417,371.7,155000,c(706869.544669617, 6994433.66879465),371.7
91,13697417,2022-07-14,"Lot. Jd. Alamandas","LIMEIRA BAIXA","internet","Amo imoveis",NA,"Dom_Geo_03",4,712684.59,7003190.94,"Baixo Potencial",0,1261.04,2705.57,2733.98,1,2068.68,1470.52,362,372.93,135000,c(712684.594997329, 7003190.93798681),372.93
92,13697824,2022-07-15,"Rua Luiz Joao Schinkein - Lot. Prospero Cadore","LIMEIRA BAIXA","internet","Zucco","https://www.imobiliariazucco.com.br/imovel/terreno-de-479-m-limeira-brusque-a-venda-por-180000/TE0237-ZUCC?from=sale","Dom_Geo_03",4,711491.52,7002449.82,"Baixo Potencial",0,1208.76,2112.3,2229.87,1,2656.63,109.12,479,375.78,180000,c(711491.517505127, 7002449.81629859),375.78
93,13698028,2022-07-18,"Lot. San Genaro","PRIMEIRO DE MAIO","internet","GOLDINVEST","https://www.goldinvestimoveis.com.br/detalhes_imovel/2881/terreno-no-bairro-primeiro-de-maio-brusque-venda-RS175000","Dom_Geo_03",2,707812.3,6998789.47,"Baixo Potencial",0,1451.4,449.19,1552.23,350.85,1,1977.19,465,376.34,175000,c(707812.304484527, 6998789.4705493),376.34
94,13697825,2022-07-15,"Rua Luiz Joao Schinkein - Lot. Prospero Cadore","LIMEIRA BAIXA","internet","Zucco","https://www.imobiliariazucco.com.br/imovel/terreno-a-venda-478-m-por-180000-limeira-brusque-sc/TE0235-ZUCC?from=sale","Dom_Geo_03",4,711517.2,7002437.09,"Baixo Potencial",0,1208.76,2139.56,2257.48,1,2682.9,135.13,478,376.57,180000,c(711517.195192515, 7002437.08824117),376.57
96,13668598,2022-07-12,"Rua Florencia","LIMEIRA BAIXA","internet","planifik",NA,"Dom_Geo_03",4,712180.83,7002636.55,"Baixo Potencial",0,1226.75,2516.94,2680.06,1,2562.93,807.78,364,384.62,140000,c(712180.833092403, 7002636.54641868),384.62
97,13735296,2022-07-26,"Rua Oito de outubro","PLANALTO","internet","Imovel WEB","https://www.imovelweb.com.br/propriedades/terreno-no-bairro-planalto-proximo-a-empresa-fischer-2966630122.html","Dom_Geo_03",1,711447.63,7005794.59,"Baixo Potencial",0,1375.25,406.74,393.34,1,269.51,781.75,336,386.9,130000,c(711447.632392143, 7005794.59144368),386.9
98,13677276,2022-07-12,"Rua Ivo Szpoganicz","SOUZA CRUZ","internet","planifik",NA,"Dom_Geo_03",3,704785.14,6996823.25,"Baixo Potencial",0,1256.02,3106.57,928.91,1,2117.48,749.42,540.77,388.34,210000,c(704785.141326581, 6996823.24893089),388.34
99,13677284,2022-07-12,"Rua Doutor Ivo Szpoganicz","SOUZA CRUZ","internet","planifik",NA,"Dom_Geo_03",3,704790.89,6996835.8,"Baixo Potencial",0,1256.57,3094.88,925.76,1,2104.28,736.86,540.77,388.34,210000,c(704790.888101944, 6996835.79694752),388.34
102,13669841,2022-07-12,"Rua A - Prospero Cadore","LIMEIRA BAIXA","internet","planifik",NA,"Dom_Geo_03",4,712214.7,7002567.08,"Baixo Potencial",0,1220.93,2584.24,2744.37,1,2632.5,833.19,364,398.35,145000,c(712214.701454301, 7002567.08255346),398.35
104,13661179,2022-07-12,"Rua henrique Horner Sobrinho","SAO PEDRO","internet","Julio imoveis",NA,"Dom_Geo_01",2,705503.44,7004086.47,"Baixo Potencial",0,1119.77,1968.34,79.22,158.06,1349.52,284.94,900,400,360000,c(705503.436437695, 7004086.47014721),400
105,13697831,2022-07-15,"Lot. Independencia","AGUAS CLARAS","internet","Zucco","https://www.imobiliariazucco.com.br/imovel/terreno-de-360-m-aguas-claras-brusque-a-venda-por-145000/TE0241-ZUCC?from=sale","Dom_Geo_03",3,706827.01,6994496.92,"Baixo Potencial",0,1295.16,840.5,933.25,1,1509.76,1016.17,360,402.78,145000,c(706827.012519104, 6994496.92413719),402.78
106,13670818,2022-07-12,"Rua G - Lot. Independencia","AGUAS CLARAS","internet","planifik",NA,"Dom_Geo_03",3,706685,6994644.92,"Baixo Potencial",0,1301.86,1023.2,774.97,1,1614.46,1053.9,360,402.78,145000,c(706684.995488451, 6994644.91802489),402.78
107,13697880,2022-07-15,"Rua uniao","LIMEIRA BAIXA","internet","CHF","https://www.chfimoveis.com.br/imovel/terreno-no-bairro-limeira-brusque-venda-RS195000/2106","Dom_Geo_03",4,712777.72,7001888.23,"Baixo Potencial",0,1191.41,3442.65,3587.3,1,3363.1,1411.02,483,403.73,195000,c(712777.724089531, 7001888.22942884),403.73
108,13710572,2022-07-18,"Rua Doutor euclides cardeal","SOUZA CRUZ","internet","GOLDINVEST","https://www.goldinvestimoveis.com.br/detalhes_imovel/5041/terreno-no-bairro-souza-cruz-brusque-venda-RS399000","Dom_Geo_03",3,704927.03,6996834.53,"Baixo Potencial",0,1261.16,2982.56,1036.89,1,2092.1,738.84,982.97,405.91,399000,c(704927.031491038, 6996834.52618609),405.91
109,13697844,2022-07-15,"Rua Frederico Debatim","AGUAS CLARAS","internet","Zucco","https://www.imobiliariazucco.com.br/imovel/terreno-a-venda-810-m-por-330000-aguas-claras-brusque-sc/TE0067-ZUCC?from=sale","Dom_Geo_03",3,707463.84,6995910.41,"Baixo Potencial",0,1330.5,643.49,72.61,222.84,1231.1,732.85,810,407.41,330000,c(707463.843951393, 6995910.41126365),407.41
110,13735262,2022-07-26,"Rua Luiz Boni","PONTA RUSSA","internet","Brusimoveis","https://www.brusimoveis.com.br/detalhes_imovel/141/terreno-no-bairro-ponta-russa-brusque-venda-RS120000","Dom_Geo_03",3,709255.05,6996374.32,"Baixo Potencial",0,1206.49,985.24,1210.5,340.62,1391.06,1706.39,294,408.16,120000,c(709255.05045802, 6996374.32314238),408.16
111,13661180,2022-07-12,"Rua José Jacinto Cardeal","CEDRINHO","internet","planifik",NA,"Dom_Geo_03",3,705212.51,6994226.22,"Baixo Potencial",0,1185.58,2338.78,1849.69,23.07,3141.1,1681.17,303.75,411.52,125000,c(705212.510587589, 6994226.22234152),411.52
113,13666028,2022-07-12,"Rua Francisco Haag","RIO BRANCO","internet","planifik",NA,"Dom_Geo_02",2,703054.74,6998632.51,"Baixo Potencial",0,1340.71,3867.59,1524.24,1,1343.03,1848.65,312,416.67,130000,c(703054.74359556, 6998632.51384966),416.67
114,13697830,2022-07-15,"Lot. Independencia","AGUAS CLARAS","internet","Zucco","https://www.imobiliariazucco.com.br/imovel/terreno-a-venda-381-m-por-160000-aguas-claras-brusque-sc/TE0239-ZUCC?from=sale","Dom_Geo_03",3,706828.17,6994406.23,"Baixo Potencial",0,1287.79,817.63,1023.21,1,1536.77,1074.55,381,419.95,160000,c(706828.165413198, 6994406.22738469),419.95
116,13697829,2022-07-15,"Rua Luiz Joao Schinkein - Lot. Prospero Cadore","LIMEIRA BAIXA","internet","Zucco","https://www.imobiliariazucco.com.br/imovel/terreno-a-venda-398-m-por-170000-limeira-brusque-sc/TE0233-ZUCC?from=sale","Dom_Geo_03",4,711463.15,7002350.2,"Baixo Potencial",0,1202.19,2161.82,2277.37,1,2679.94,83.41,399,426.07,170000,c(711463.150286013, 7002350.20074093),426.07
117,13697852,2022-07-15,"Lot. Jd. Alamandas","LIMEIRA BAIXA","internet","Zucco","https://www.imobiliariazucco.com.br/imovel/terreno-de-305-m-limeira-brusque-a-venda-por-130000/TE0128-ZUCC?from=sale","Dom_Geo_03",4,712682.94,7003139.93,"Baixo Potencial",0,1258.21,2725.3,2760.35,1,2117.85,1445.94,305,426.23,130000,c(712682.935201444, 7003139.93457426),426.23
119,13697832,2022-07-15,"Lot. Independencia","AGUAS CLARAS","internet","Zucco","https://www.imobiliariazucco.com.br/imovel/terreno-a-venda-360-m-por-155000-aguas-claras-brusque-sc/TE0243-ZUCC?from=sale","Dom_Geo_03",3,706614.23,6994356.9,"Baixo Potencial",0,1281.78,998.69,1064.99,1,1755.01,1269.95,360,430.56,155000,c(706614.232617028, 6994356.90468492),430.56
120,13750649,2022-07-27,"Rua Barriga Verde","CERAMICA REIS","internet","Hoffmann","https://www.imobiliariahoffmann.com.br/imovel/930/terreno-em-brusque-no-bairro-sao-pedro/","Dom_Geo_01",2,706459.04,7004317.09,"Baixo Potencial",0,1233.91,1505.27,507.14,8.08,1434.38,438.6,462,432.9,2e+05,c(706459.044203427, 7004317.0858313),432.9
124,13647383,2022-07-12,"Rua Veneza - Lot. Independência","AGUAS CLARAS","internet","julio imoveis",NA,"Dom_Geo_03",3,706742.73,6994548.11,"Baixo Potencial",0,1296.91,936.18,873.57,1,1577.83,1053.77,360,444.44,160000,c(706742.727481416, 6994548.11245131),444.44
125,13697815,2022-07-15,"Lot. Independencia","AGUAS CLARAS","internet","Zucco","https://www.imobiliariazucco.com.br/imovel/terreno-a-venda-360-m-por-160000-aguas-claras-brusque-sc/TE0242-ZUCC?from=sale","Dom_Geo_03",3,706629.29,6994354.7,"Baixo Potencial",0,1282.2,983.93,1066.37,1,1741.49,1259.44,360,444.44,160000,c(706629.289801255, 6994354.69612683),444.44
126,13701917,2022-07-18,"Rua São Pedro","SAO PEDRO","internet","GOLDINVEST","https://www.goldinvestimoveis.com.br/detalhes_imovel/2659/terreno-no-bairro-sao-luiz-brusque-venda-RS380000","Dom_Geo_01",2,706408.48,7002963.05,"Baixo Potencial",0,1788.66,535.12,24.51,326.29,88.94,1107.34,841.16,451.76,380000,c(706408.481052776, 7002963.04647049),451.76
127,13649242,2022-07-12,"Lot. Jardim das hortencias","SAO JOAO","internet","Julio imoveis",NA,"Dom_Geo_03",0,701116.07,6992518.84,"Baixo Potencial",0,1148.59,6567.18,2611.26,710.28,1,453.51,462.45,451.94,209000,c(701116.071512051, 6992518.83936475),451.94
130,13647399,2022-07-12,"Rua 100 - Lot. Guilherme Bruns","DOM JOAQUIM","internet","Julio imoveis",NA,"Dom_Geo_03",0,702406.85,6995202.54,"Baixo Potencial",0,1457.76,5275.46,766.62,17.06,1207.55,733.17,426.52,466.57,199000,c(702406.846162892, 6995202.53858198),466.57
132,13697840,2022-07-15,"Rua Padre Antonio Eising","AZAMBUJA","internet","Zucco","https://www.imobiliariazucco.com.br/imovel/terreno-a-venda-399-m-por-190000-azambuja-brusque-sc/TE0165-ZUCC?from=sale","Dom_Geo_03",3,706385.6,6997301.44,"Baixo Potencial",0,1289.12,1575.23,13.79,183.41,1738.62,645.6,399,476.19,190000,c(706385.604705387, 6997301.44445224),476.19
133,13697405,2022-07-14,"Rua Girassol","SOUZA CRUZ","internet","Amo imoveis",NA,"Dom_Geo_03",3,704469.2,6996702.29,"Baixo Potencial",0,1243.8,3437.81,804.07,1,1942.85,927.24,564.73,478.1,270000,c(704469.201667093, 6996702.29369915),478.1
134,13647413,2022-07-12,"Lot. Florence","VOLTA GRANDE","internet","planifik",NA,"Dom_Geo_01",1,709694.85,7009841.81,"Baixo Potencial",0,1197.05,274.43,2900.31,985.91,1,3114.47,260,480.77,125000,c(709694.850622664, 7009841.80786572),480.77
136,13697833,2022-07-15,"Lot. Prospero Cadore","LIMEIRA BAIXA","internet","Zucco","https://www.imobiliariazucco.com.br/imovel/terreno-a-venda-390-m-por-190000-limeira-baixa-brusque-sc/TE0209-ZUCC?from=sale","Dom_Geo_03",4,712137.15,7002571.5,"Baixo Potencial",0,1220.63,2518.5,2675.73,1,2628.48,756.25,390,487.18,190000,c(712137.151925404, 7002571.49734574),487.18
137,13730975,2022-07-25,"Rua Ivan Carlos Kohler","SAO JOAO","internet","ARG","http://www.imoveisdebrusque.com.br/imovel/71956/excelente-terreno-para-casa-geminada/","Dom_Geo_03",0,701957.72,6992640.1,"Baixo Potencial",0,1106.92,5719.16,2974.97,241.15,394.72,387.81,243.75,492.31,120000,c(701957.71722772, 6992640.10340874),492.31
140,13697834,2022-07-15,"Lot. Jardim das hortencias",NA,"internet","Zucco","https://www.imobiliariazucco.com.br/imovel/terreno-localizado-loteamento-jardim-das-hortensias/TE0171-ZUCC?from=sale",NA,0,700973.5,6992412.52,"Baixo Potencial",0,1154.94,6729.34,2650.14,887.4,1,562.95,403,496.28,2e+05,c(700973.498966358, 6992412.52258522),496.28
141,13697429,2022-07-14,"Bateas - Lot. recanto do sol","BATEAS","internet","Amo imoveis",NA,"Dom_Geo_01",1,707811.51,7005227.02,"Baixo Potencial",0,1141.98,1085.24,1367.51,1,1867.08,990.37,338,502.66,169900,c(707811.509819268, 7005227.02261218),502.66
142,13710591,2022-07-18,"Lot. Cristina Klabunde","AGUAS CLARAS","internet","GOLDINVEST","https://www.goldinvestimoveis.com.br/detalhes_imovel/1476/terreno-no-bairro-aguas-claras-brusque-venda-RS229000","Dom_Geo_03",3,708392.8,6994944.76,"Baixo Potencial",0,1243.82,255.06,1006.33,553.7,1,408.3,453.99,504.42,229000,c(708392.798489376, 6994944.76145883),504.42
143,13697787,2022-07-15,"Rua Lideranca","LIMEIRA BAIXA","internet","Zucco","https://www.imobiliariazucco.com.br/imovel/terreno-de-277-m-limeira-brusque-a-venda-por-140000/TE0255-ZUCC?from=sale","Dom_Geo_03",4,712989.1,7001691.05,"Baixo Potencial",0,1188.64,3731,3873.92,1,3598.41,1629.84,277,505.42,140000,c(712989.099535177, 7001691.04960668),505.42
144,13666021,2022-07-12,"Rua Liderança","LIMEIRA BAIXA","internet","planifik",NA,"Dom_Geo_03",4,713000.86,7001690.82,"Baixo Potencial",0,1188.64,3740.29,3883.6,1,3601.27,1641.6,262.68,513.93,135000,c(713000.86036688, 7001690.81683046),513.93
145,13750636,2022-07-27,"Lot. Santo Anjo da Guarda","TOMAZ COELHO","internet","Hoffmann","https://www.imobiliariahoffmann.com.br/imovel/25/terreno-em-brusque-no-bairro-tomaz-coelho/","Dom_Geo_03",0,702710.17,6993897.93,"Baixo Potencial",0,1222.45,4824.59,2104.21,1,1638.35,698.5,345,521.74,180000,c(702710.169205972, 6993897.92804601),521.74
146,13710598,2022-07-18,"Rua Valdir Zorrer","STEFFEN","internet","GOLDINVEST","https://www.goldinvestimoveis.com.br/detalhes_imovel/3154/terreno-no-bairro-steffen-brusque-venda-RS259000","Dom_Geo_01",2,707004.56,7003432.62,"Baixo Potencial",0,1453.32,471.43,198,161.31,841.94,1167.14,494.25,524.03,259000,c(707004.55609274, 7003432.61893626),524.03
147,13697841,2022-07-15,"Rua Valdir Zorrer","STEFFEN","internet","Zucco","https://www.imobiliariazucco.com.br/imovel/terreno-de-494-m-steffen-brusque-a-venda-por-259500/TE0183-ZUCC?from=sale","Dom_Geo_01",2,707019.85,7003432.03,"Baixo Potencial",0,1453.32,465.04,197.92,162.3,853.25,1180.2,494,525.3,259500,c(707019.847957426, 7003432.03433771),525.3
148,13701916,2022-07-18,"Rua Itajai","LIMOEIRO","internet","GOLDINVEST","https://www.goldinvestimoveis.com.br/detalhes_imovel/3873/terreno-no-bairro-limoeiro-brusque-venda-RS380000","Dom_Geo_02",1,711433.48,7007379.29,"Baixo Potencial",0,1313.96,227.26,12.5,468.32,1853.09,989.64,716.6,530.28,380000,c(711433.479775521, 7007379.28908575),530.28
149,13677205,2022-07-12,"Rua Alice de Oliveira","PRIMEIRO DE MAIO","internet","planifik",NA,"Dom_Geo_03",3,709006.5,6996770.69,"Baixo Potencial",0,1258.73,755.53,1195.87,1,1786.87,1765.52,350.85,536.5,188232,c(709006.502470095, 6996770.68575729),536.5
151,13697439,2022-07-14,"Lot. Jardim das hortencias","SAO JOAO","internet","Amo imoveis",NA,"Dom_Geo_03",0,701230.27,6992546.87,"Baixo Potencial",0,1143.22,6449.64,2637.85,598.91,1,422.97,372,548.39,204000,c(701230.265291073, 6992546.87290636),548.39
152,13698020,2022-07-18,"Lot. Jardim das hortencias","SAO JOAO","internet","GOLDINVEST","https://www.goldinvestimoveis.com.br/detalhes_imovel/2505/terreno-no-bairro-sao-joao-brusque-venda-RS179000","Dom_Geo_03",0,701195.75,6992625.85,"Baixo Potencial",0,1145.43,6467.36,2551.92,589.13,1,344.77,323.07,554.06,179000,c(701195.749388212, 6992625.85132703),554.06
153,13730999,2022-07-25,"Rua Primeiro de Agosto","GUARANI","internet","Teresinho Baron","https://www.teresinhabaron.com.br/venda/1197/Terreno-Bairro-Guarani","Dom_Geo_01",2,704152.25,7000459.37,"Baixo Potencial",0,1884.67,2352.59,476.13,1,1595.26,1818.97,540,555.56,3e+05,c(704152.248098562, 7000459.3686988),555.56
154,13647306,2022-07-12,"Rua GU-024","GUARANI","internet","Julio imoveis",NA,"Dom_Geo_01",2,703815.68,7000598.7,"Baixo Potencial",0,1691.41,2679.73,264.97,205.95,1913.65,2038.43,305,557.38,170000,c(703815.681374992, 7000598.70083473),557.38
155,13698031,2022-07-18,"Lot. Sao Pedro","STEFFEN","internet","GOLDINVEST","https://www.goldinvestimoveis.com.br/detalhes_imovel/4327/terreno-no-bairro-sao-pedro-brusque-venda-RS215000","Dom_Geo_01",2,706886.76,7003650.62,"Baixo Potencial",0,1401.34,718.33,411.93,1,926.19,954.51,371.29,579.06,215000,c(706886.76446186, 7003650.61998861),579.06
157,13647398,2022-07-12,"Lot. Jardim das hortencias","SAO JOAO","internet","Julio imoveis",NA,"Dom_Geo_03",0,701167.64,6992497.14,"Baixo Potencial",0,1145.95,6521.41,2653.5,678.69,1,474.07,323.07,585.01,189000,c(701167.639160004, 6992497.13993345),585.01
158,13735283,2022-07-26,"Rua Gustavo Imhof","SAO PEDRO","internet","Imovel WEB","https://www.imovelweb.com.br/propriedades/terreno-na-sao-pedro-proximo-do-centro-2965939485.html","Dom_Geo_01",2,704940.36,7003349.13,"Baixo Potencial",0,1150.12,1945.27,232.14,436.67,1163.69,407.83,800,587.5,470000,c(704940.3611023, 7003349.12506972),587.5
159,13697437,2022-07-14,"Lot. Porto Rico","SAO PEDRO","internet","Moresco","https://imobiliariamoresco.com.br/imovel/3654/terreno-a-venda-sao-pedro--brusque-sc","Dom_Geo_01",2,706026.54,7002981.34,"Baixo Potencial",0,1737.02,817.88,404.14,1,128.26,978.33,983.77,589.57,580000,c(706026.542800545, 7002981.33766687),589.57
160,13678998,2022-07-13,"Rua Lili Bruns","NOVA BRASILIA","internet","planifik",NA,"Dom_Geo_03",2,708616.97,7002002.57,"Baixo Potencial",0,1339.37,285.6,794.77,286.15,905.8,1133.81,418.83,590,247109.7,c(708616.974832521, 7002002.57035235),590
161,13647414,2022-07-12,"Residencial Lagoa Dourada","SOUZA CRUZ","internet","Julio imoveis",NA,"Dom_Geo_03",3,704435.89,6996784.12,"Baixo Potencial",0,1244.01,3422.15,717.66,1,1906.41,863.98,454.36,594.24,270000,c(704435.887593369, 6996784.11687682),594.24
162,13654644,2022-07-12,"Rua Adulcio Bottamelli - Lot. JD. Azaleia","PLANALTO","internet","Julio imoveis",NA,"Dom_Geo_03",1,711332.6,7005246.49,"Baixo Potencial",0,1398.17,607.13,594.24,50.82,1,798.88,420,595.24,250000,c(711332.602076416, 7005246.49113327),595.24
163,13697418,2022-07-14,"Rua Hercilio barni","SOUZA CRUZ","internet","Amo imoveis",NA,"Dom_Geo_03",2,704831.97,6999050.08,"Baixo Potencial",0,1718,2058,90.54,14.43,233.69,1202.27,579.3,604.18,350000,c(704831.970052646, 6999050.08463029),604.18
164,13724495,2022-07-22,"Rua Doutor ivo szpoganicz","SOUZA CRUZ","internet","Jose Luis Ambrosi","https://www.joseluisambrosi.com.br/detalhes_imovel/3116/amplo-terreno-no-loteamento-lagoa-dourada-pra-construir-a-casa-dos-sonhos-souza-cruz-brusque-o","Dom_Geo_03",3,704684.14,6996722.07,"Baixo Potencial",0,1250.41,3246.66,922.68,1,2156.87,857.02,950.29,605.08,575000,c(704684.139788891, 6996722.07388641),605.08
165,13692222,2022-07-14,"Rua Rouxinol","RIO BRANCO","internet","Amo imoveis",NA,"Dom_Geo_02",2,703496.64,6998507.44,"Baixo Potencial",0,1381.98,3499.07,1102.22,1,1510.09,1397.45,358,608.94,218000,c(703496.643914184, 6998507.43924803),608.94
166,13750650,2022-07-27,"Rua Dj 025","DOM JOAQUIM","internet","Hoffmann","https://www.imobiliariahoffmann.com.br/imovel/915/terreno-em-brusque-no-bairro-dom-joaquim/","Dom_Geo_02",0,702375.44,6996932.73,"Baixo Potencial",0,1255.67,5185.07,626.56,24.41,15.89,2437.89,325,615.38,2e+05,c(702375.43663282, 6996932.72690502),615.38
167,13731859,2022-07-25,"Rua Nelson Imhof","SOUZA CRUZ","internet","PRIMAX","https://www.cnzimoveis.com.br/imovel/172688/brusque-amplo--em-area-nobre--lindo","Dom_Geo_03",2,705261.98,6999009.67,"Baixo Potencial",0,1679.59,1691.35,519.52,131.78,1,1161.61,820,615.85,505000,c(705261.984417925, 6999009.67048087),615.85
168,13647395,2022-07-12,"Lot. Jardim das hortencias","SAO JOAO","internet","Julio imoveis",NA,"Dom_Geo_03",0,701193.57,6992558.72,"Baixo Potencial",0,1145.08,6483.06,2610.29,623.32,1,411.93,285.97,627.86,179550,c(701193.574994077, 6992558.72258893),627.86
169,13721449,2002-07-20,"RUA dj-055","DOM JOAQUIM","internet","William Imoveis","https://www.williamimoveis.com.br/detalhes_imovel/4670","Dom_Geo_03",0,702455.61,6994460.82,"Baixo Potencial",0,1362.06,5105.04,1508.82,10.41,1947.08,247.52,337.5,628.15,212000,c(702455.606769897, 6994460.81869724),628.15
170,13677283,2022-07-12,"Rua João Batista Palma","PLANALTO","internet","planifik",NA,"Dom_Geo_03",1,711459.72,7005421.9,"Baixo Potencial",0,1388.66,621.69,610.53,200.36,1,837.86,318,628.62,199900,c(711459.724539804, 7005421.89879544),628.62
171,13647387,2022-07-12,"Lot. Jardim das hortencias","SAO JOAO","internet","Julio imoveis",NA,"Dom_Geo_03",0,701177.12,6992517.71,"Baixo Potencial",0,1145.93,6507.75,2639.32,659.28,1,453.29,292.27,629.42,183960,c(701177.116381713, 6992517.71246958),629.42
172,13647409,2022-07-12,"Lot. Jardim das hortencias","SAO JOAO","internet","Julio imoveis",NA,"Dom_Geo_03",0,701131.4,6992545.37,"Baixo Potencial",0,1147.71,6546.65,2594.22,683.65,1,426.65,334.08,629.85,210420,c(701131.40266147, 6992545.37320318),629.85
173,13647410,2022-07-12,"Lot. Jardim das hortencias",NA,"internet","Julio imoveis",NA,NA,0,701143.7,6992585.88,"Baixo Potencial",0,1146.95,6526.34,2563.41,653.56,1,385.88,338,629.92,212914,c(701143.699177073, 6992585.87616811),629.92
174,13647307,2022-07-12,"Lot. Jardim das hortencias","SAO JOAO","internet","Julio imoveis",NA,"Dom_Geo_03",0,701184.06,6992535.76,"Baixo Potencial",0,1145.04,6497.15,2626.35,643.58,1,435.09,286,630,180180,c(701184.059094911, 6992535.76488684),630
175,13647394,2022-07-12,"Lot. Jardim das hortencias","SAO JOAO","internet","Julio imoveis",NA,"Dom_Geo_03",0,701203.9,6992585.71,"Baixo Potencial",0,1144.26,6467.42,2591.18,600.7,1,384.72,260,630,163800,c(701203.895680306, 6992585.71016496),630
176,13647400,2022-07-12,"Lot. Jardim das hortencias",NA,NA,"Julio imoveis",NA,NA,0,701085.81,6992583.66,"Baixo Potencial",0,1149.57,6583.49,2539.74,706.52,1,389.38,390,630,245700,c(701085.811956038, 6992583.65530514),630
177,13647411,2022-07-12,"Lot. Jardim das hortencias",NA,"internet","Julio imoveis",NA,NA,0,701100.07,6992614.3,"Baixo Potencial",0,1149.8,6563.45,2518.53,680.94,1,358.42,386,630,243180,c(701100.065326703, 6992614.3020844),630
178,13647408,2022-07-12,"Lot. Jardim das hortencias","SAO JOAO","internet","Julio imoveis",NA,"Dom_Geo_03",0,701101.73,6992487.31,"Baixo Potencial",0,1148.66,6587.9,2633.45,739.04,1,485.34,325,630,204750,c(701101.725039779, 6992487.31474959),630
179,13723821,2002-07-20,"Rua Jose jacinto cardeal","CEDRINHO","internet","William Imoveis","https://www.williamimoveis.com.br/detalhes_imovel/5220","Dom_Geo_03",3,705032.23,6994394.18,"Baixo Potencial",0,1187.54,2540.3,1842.75,26.22,3244.23,1626.47,616,633.12,390000,c(705032.229408914, 6994394.1757294),633.12
180,13697814,2022-07-15,"Cond. Reserva Club","AZAMBUJA","internet","Zucco","https://www.imobiliariazucco.com.br/imovel/terreno-a-venda-600-m-por-380000-azambuja-brusque-sc/TE0247-ZUCC?from=sale","Dom_Geo_03",3,706027.48,6997266.29,"Baixo Potencial",0,1285.57,1849.39,236.7,1,1661.3,868.52,600,633.33,380000,c(706027.479374813, 6997266.28818344),633.33
181,13724069,2022-07-21,"Cond. Xavier Imhof","SAO PEDRO","opinião","Jose Luis Ambrosi","https://www.joseluisambrosi.com.br/detalhes_imovel/760/terreno-com-vista-panoramica-para-o-centro-de-brusque-sao-pedro-brusque-terreno-com-vista","Dom_Geo_01",2,706173.27,7002787.59,"Baixo Potencial",0,1918.01,591.2,276,102.12,1,1061.78,600,633.33,380000,c(706173.270836437, 7002787.58733864),633.33
182,13677641,2022-07-13,"Rua SC-008","SOUZA CRUZ","internet","Julio imoveis",NA,"Dom_Geo_03",2,705289.12,6999012.81,"Baixo Potencial",0,1687.32,1666.2,545.4,135.19,1,1166.54,790.74,638.64,505000,c(705289.123925811, 6999012.8089806),638.64
183,13721450,2002-07-20,"Rua Padre Antonio Eising","AZAMBUJA","internet","William Imoveis","https://www.williamimoveis.com.br/detalhes_imovel/4370","Dom_Geo_03",3,705961.88,6997650.56,"Baixo Potencial",0,1295.12,1669.41,10.89,66.89,1272.03,749.52,390,641.03,250000,c(705961.877545217, 6997650.56125303),641.03
184,13697387,2022-07-14,"Lot. Jardim das hortencias","SAO JOAO","internet","Amo imoveis",NA,"Dom_Geo_03",0,701143.92,6992452.33,"Baixo Potencial",0,1146.97,6554.34,2683.26,724.1,1,519.39,260,650,169000,c(701143.915678682, 6992452.32583994),650
185,13724074,2022-07-21,"Rua Oswaldo Maffezzolli","JARDIM MALUCHE","internet","Jose Luis Ambrosi","https://www.joseluisambrosi.com.br/detalhes_imovel/2018/terreno-em-area-nobre---bairro-jardim-maluche-jardim-maluche-brusque-lindo-terreno-ideal-para-casa","Dom_Geo_02",2,704781.03,7000314.17,"Baixo Potencial",0,2224.85,1751.36,718.5,1,1192.21,1466.9,600,650,390000,c(704781.030026194, 7000314.16720502),650
186,13724499,2022-07-22,"Rua Erico jeske","PRIMEIRO DE MAIO","internet","Jose Luis Ambrosi","https://www.joseluisambrosi.com.br/detalhes_imovel/2936/terreno-comercial-na-rua-joao-xxiii-primeiro-de-maio-brusque-terreno-comercial-na-rua-joao-xxiii","Dom_Geo_03",3,708560.77,6997096.8,"Baixo Potencial",0,1322.63,342.04,1205.97,452.39,1755.23,1331.24,736.8,651.47,480000,c(708560.76822819, 6997096.80467952),651.47
187,13697411,2022-07-14,"Lot. Jardim das hortencias","SAO JOAO","internet","Amo imoveis",NA,"Dom_Geo_03",0,701156.31,6992472.41,"Baixo Potencial",0,1146.89,6537.84,2670.68,702.23,1,499.05,260,653.85,170000,c(701156.307667649, 6992472.40587324),653.85
188,13654645,2022-07-12,"Lot. San Genaro","PRIMEIRO DE MAIO","internet","Julio imoveis",NA,"Dom_Geo_03",2,707779.77,6998801.74,"Baixo Potencial",0,1450.75,443.6,1517.53,337.72,1,1979.91,465,655.91,305000,c(707779.766883319, 6998801.7395301),655.91
192,13647388,2022-07-12,"Rua Mil (1000) - Lot Valle Dos Cedros","SAO JOAO","internet","Julio imoveis",NA,"Dom_Geo_03",0,702768.27,6993398.62,"Baixo Potencial",0,1121.87,4794.31,2605.56,1,1375.93,662.7,240.23,663.95,159500,c(702768.267794813, 6993398.6153747),663.95
193,13697425,2022-07-14,"Lot. Valle Dos Cedros","SAO JOAO","internet","Amo imoveis",NA,"Dom_Geo_03",0,702772.87,6993375.51,"Baixo Potencial",0,1118.76,4792.21,2629.11,1,1368.72,658.05,240.23,663.95,159500,c(702772.866910936, 6993375.51113866),663.95
194,13677642,2022-07-13,"Rua Guilherme Alberto Frederico Hoefelman","SOUZA CRUZ","internet","Julio imoveis",NA,"Dom_Geo_03",2,704546.16,6998400.96,"Baixo Potencial",0,1466.15,2619.93,51.61,560.82,736.18,582.92,961,665.97,640000,c(704546.164253049, 6998400.95793693),665.97
195,13735273,2022-07-26,"Lot. Ditmar Pavesi - Rua Alberto Mueller","LIMEIRA BAIXA","internet","Brusimoveis","https://www.brusimoveis.com.br/detalhes_imovel/136/terreno-no-bairro-santa-terezinha-brusque-venda-RS280000","Dom_Geo_03",4,712641.35,7002353.61,"Baixo Potencial",0,1209.25,3056.99,3220.36,1,2881.52,1261.11,420,666.67,280000,c(712641.352927185, 7002353.61043479),666.67
196,13677321,2022-07-13,"Rua Ernesto Bonamente","SOUZA CRUZ","internet","Julio imoveis",NA,"Dom_Geo_03",2,705053.77,6999092,"Baixo Potencial",0,1745.24,1838.71,298.7,55.97,22.07,1242.97,570,666.67,380000,c(705053.771340348, 6999092.00294531),666.67
197,13723978,2022-07-21,"Rua Ivo silveira","BATEAS","internet","Jose Luis Ambrosi","https://www.joseluisambrosi.com.br/detalhes_imovel/500/terreno-100-plano-na-rodovia-ivo-silveira---aceita-veiculo-como-parte-do","Dom_Geo_01",1,709901.58,7007690.68,"Baixo Potencial",0,1255.38,22.84,1452.43,241.54,2099.98,1042.23,314,668.79,210000,c(709901.575366183, 7007690.68256607),668.79
198,13697427,2022-07-14,"Rua Lagoa Dourada","SOUZA CRUZ","internet","Moresco","https://imobiliariamoresco.com.br/imovel/2279/terreno-a-venda-souza-cruz--brusque-sc","Dom_Geo_03",3,705041.24,6996819.79,"Baixo Potencial",0,1263.8,2897.94,1141.22,1,2102.32,754.17,448,669.64,3e+05,c(705041.239159935, 6996819.79387657),669.64
199,13661170,2022-07-12,"Cond. Reserva Club","AZAMBUJA","internet","Julio imoveis",NA,"Dom_Geo_03",3,705854.19,6997526.12,"Baixo Potencial",0,1292.47,1827.15,170.71,1,1375.06,640.42,488.27,675.86,330000,c(705854.193652574, 6997526.12371178),675.86
201,13677313,2022-07-13,"Loteamento Sao Pedro","SAO PEDRO","internet","planifik",NA,"Dom_Geo_01",2,706583.45,7003612.8,"Baixo Potencial",0,1421.02,847.84,187.69,1,759.27,721.95,339.26,677.95,230000,c(706583.454062582, 7003612.798515),677.95
202,13677275,2022-07-12,"Rua Jorge Teixeira","PAQUETA","internet","planifik",NA,"Dom_Geo_03",3,706084.65,6995298.89,"Baixo Potencial",0,1296.16,1861.82,514.96,1,2213.9,1536.09,280,678.57,190000,c(706084.645695653, 6995298.88964937),678.57
203,13677323,2022-07-13,"Cond. Xavier Imhof","SAO PEDRO","internet","Julio imoveis",NA,"Dom_Geo_01",2,706136.12,7002780.57,"Baixo Potencial",0,1912.52,621.23,313.46,64.87,1,1046.08,600,683.33,410000,c(706136.119584434, 7002780.56618214),683.33
204,13700296,2022-07-18,"Cond. Xavier Imhof","SAO PEDRO","internet","GOLDINVEST","https://www.goldinvestimoveis.com.br/detalhes_imovel/1206/terreno-no-bairro-sao-pedro-brusque-venda-RS600000","Dom_Geo_01",2,706124.75,7002781.78,"Baixo Potencial",0,1912.52,632.02,323.92,53.52,1,1044.78,875,685.71,6e+05,c(706124.752321963, 7002781.78052344),685.71
205,13723963,2022-07-21,"Rua Augusto Klapoth","SANTA LUZIA","internet","Jorge Floriani","https://www.jorgefloriani.com.br/imovel/comprar/terreno/brusque/santa-luzia/2966","Dom_Geo_03",3,707938.78,6994466.3,"Baixo Potencial",0,1251.27,44.95,1448.33,9.51,552.73,670.99,319.3,689.01,220000,c(707938.780601058, 6994466.30093241),689.01
206,13730996,2022-07-25,"Rua Ademar Botameli","PLANALTO","internet","M7","http://www.imoveisdebrusque.com.br/imovel/73784/terreno-bairro-jardim-azaleia/","Dom_Geo_03",1,710892.59,7005136.48,"Baixo Potencial",0,1400.42,257.62,392.58,40.51,102.07,587.9,260,692.31,180000,c(710892.591955659, 7005136.48271042),692.31
207,13735300,2022-07-26,"Rua Nilo Bianchini","CENTRO I","internet","Baron","https://imobiliariabaron.com.br/imovel/terreno-a-venda-no-centro-de-brusque-sc/277","Dom_Geo_02",2,706012.17,7001607.31,"Alto Potencial",1,2775.65,729.33,223.52,100.34,262.03,1,431.25,695.65,3e+05,c(706012.166523842, 7001607.30870836),695.65
210,13701915,2022-07-18,"Res. Florence","VOLTA GRANDE","internet","GOLDINVEST","https://www.goldinvestimoveis.com.br/detalhes_imovel/4895/terreno-no-bairro-volta-grande-brusque-venda-RS185000","Dom_Geo_01",1,709722.79,7009842.97,"Baixo Potencial",0,1198.26,246.48,2883.8,988.34,1,3108.45,260,711.54,185000,c(709722.786595891, 7009842.97455601),711.54
211,13677325,2022-07-13,"Rua Ereneu Dalmolini, 200","DOM JOAQUIM","internet","Julio imoveis",NA,"Dom_Geo_03",0,702742.76,6995232.63,"Baixo Potencial",0,1429.03,4956.87,853.29,1,1202.2,915.61,632,712.03,450000,c(702742.764135149, 6995232.63411178),712.03
212,13697848,2022-07-15,"Rua Pedro Cardeal","CEDRINHO","internet","Zucco","https://www.imobiliariazucco.com.br/imovel/terreno-de-385-m-cedrinho-brusque-a-venda-por-280000/TE0212-ZUCC?from=sale","Dom_Geo_03",3,704945.78,6994298.87,"Baixo Potencial",0,1174.75,2612.2,1970.79,47.26,3238.14,1499.66,385,727.27,280000,c(704945.779760516, 6994298.86678389),727.27
213,13723820,2002-07-20,"Rua Clementina Sgrott","SAO PEDRO","internet","William Imoveis","https://www.williamimoveis.com.br/detalhes_imovel/4677","Dom_Geo_01",2,706226.88,7002117.95,"Baixo Potencial",0,2476.26,511.31,600.3,366.26,216.79,431.13,535.05,728.9,390000,c(706226.879340759, 7002117.94879422),728.9
214,13647416,2022-07-12,"Lot. San Genaro","PRIMEIRO DE MAIO","internet","Julio imoveis",NA,"Dom_Geo_03",2,707427.29,6998761.08,"Baixo Potencial",0,1421.36,163.25,1196.44,349.49,1,1874.52,465,731.18,340000,c(707427.285037236, 6998761.08126622),731.18
215,13721431,2002-07-20,"Rua Porto Rico","SAO PEDRO","internet","William Imoveis","https://www.williamimoveis.com.br/detalhes_imovel/3765","Dom_Geo_01",2,706067.87,7002997.55,"Baixo Potencial",0,1730.49,794.22,365.71,1,126.01,998.2,259.83,731.25,190000,c(706067.869335892, 7002997.547832),731.25
216,13697398,2022-07-14,"Rua São Pedro","SAO PEDRO","internet","Amo imoveis",NA,"Dom_Geo_01",2,704610.08,7003997.27,"Baixo Potencial",0,984.11,2560.98,16.7,352.09,772.21,607.69,957.21,731.29,7e+05,c(704610.082209429, 7003997.27444262),731.29
217,13735282,2022-07-26,"Rua Helio Imhof","SAO PEDRO",NA,"Baron","https://imobiliariabaron.com.br/imovel/terreno-a-venda-no-bairro-sao-pedro-em-brusque-sc/275","Dom_Geo_01",2,706205.07,7002689.49,"Baixo Potencial",0,2005.21,522.28,293.12,148.99,1,975.81,410,731.71,3e+05,c(706205.067494858, 7002689.4870963),731.71
218,13697601,2022-07-14,"Rua Porto Rico","SAO PEDRO","internet","Moresco","https://imobiliariamoresco.com.br/imovel/3681/terreno-a-venda-sao-pedro--brusque-sc","Dom_Geo_01",2,706064.88,7002959.22,"Baixo Potencial",0,1760.22,773.81,363.79,1,90.44,1021.48,259.5,732.18,190000,c(706064.877689271, 7002959.21548873),732.18
219,13724490,2022-07-22,"Servidão Hoffmann","GUARANI","internet","Jose Luis Ambrosi","https://www.joseluisambrosi.com.br/detalhes_imovel/2780/terreno-em-condominio-fechado-com-linda-vista---alto-padrao-guarani-brusque-terreno-em-condominio","Dom_Geo_01",2,703233.78,7001412.53,"Baixo Potencial",0,1366.64,3314.17,247.12,734.51,1986.62,2411.59,750,733.33,550000,c(703233.775909041, 7001412.53178618),733.33
220,14320349,2022-09-02,"Rua Francisco Pruner Sobrinho","STEFFEN","internet","Sucesso","https://www.sucessoimoveis.com/imovel/2126/lote-a-venda-steffen--brusquesc","Dom_Geo_01",2,707041.35,7003280.82,"Baixo Potencial",0,1506.73,317.59,47.52,314.03,783.82,1045.64,337.5,740.74,250000,c(707041.348767094, 7003280.82387889),740.74
221,13677326,2022-07-13,"Cond. El Shaday","DOM JOAQUIM","internet","Julio imoveis",NA,"Dom_Geo_03",0,702493.2,6995302.14,"Baixo Potencial",0,1454.83,5215.9,687.5,1,1105.49,855.42,595,756.3,450000,c(702493.204508205, 6995302.13803072),756.3
222,13647415,2022-07-12,"Rua DJ-012","DOM JOAQUIM","internet","Julio imoveis",NA,"Dom_Geo_03",0,703137.05,6994877.37,"Baixo Potencial",0,1354.7,4492.12,1369.87,55.57,1662.05,1017.68,427.5,760.23,325000,c(703137.045823878, 6994877.37055239),760.23
223,13697822,2022-07-15,"Lot. Sao Pedro","STEFFEN","internet","Zucco","https://www.imobiliariazucco.com.br/imovel/terreno-a-venda-300-m-por-230000-sao-pedro-brusque-sc/TE0126-ZUCC?from=sale","Dom_Geo_01",2,706820.92,7003603.4,"Baixo Potencial",0,1420.52,705.4,362.55,1,850.52,920.4,300,766.67,230000,c(706820.920084156, 7003603.40057253),766.67
224,13697438,2022-07-14,"Cond. Reserva Club","AZAMBUJA","internet","Amo imoveis",NA,"Dom_Geo_03",3,706066.38,6997315.75,"Baixo Potencial",0,1286.26,1787.37,174.13,1,1622.05,889.34,542.87,771.82,419000,c(706066.380786068, 6997315.75315569),771.82
226,13750699,2022-07-27,"Rua Clementina Sgrott","SAO PEDRO","internet","Zap","https://www.zapimoveis.com.br/imovel/venda-terreno-lote-condominio-sao-luiz-brusque-sc-360m2-id-2571974899/","Dom_Geo_01",2,706221.54,7002091.98,"Baixo Potencial",0,2491.6,519.35,574.33,340.16,201.33,405.37,360,774.33,278760,c(706221.539797848, 7002091.97667154),774.33
227,13697847,2022-07-15,"Cond. El Shaday","DOM JOAQUIM","internet","CHF","https://www.chfimoveis.com.br/imovel/terreno-no-bairro-dom-joaquim-brusque-venda-RS464000/2735","Dom_Geo_03",0,702458.53,6995254.07,"Baixo Potencial",0,1457.01,5237.53,725.29,1,1153.94,798.35,595,779.83,464000,c(702458.526351632, 6995254.06986753),779.83
228,13661181,2022-07-12,"Lot. San Genaro","PRIMEIRO DE MAIO","internet","Julio imoveis",NA,"Dom_Geo_03",2,707746.41,6998780.48,"Baixo Potencial",0,1447.38,408.53,1492.17,358.15,1,1950.61,476.18,787.52,375000,c(707746.413431092, 6998780.47642503),787.52
229,13706238,2022-07-18,"Lot. Ditmar Pavesi","LIMEIRA BAIXA","internet","GOLDINVEST","https://www.goldinvestimoveis.com.br/detalhes_imovel/4896/terreno-no-bairro-limeira-baixa-brusque-venda-RS240000","Dom_Geo_03",4,712777.91,7002301.1,"Baixo Potencial",0,1206.19,3199.91,3363.85,1,2957.51,1399.01,304.75,787.53,240000,c(712777.910068392, 7002301.10332473),787.53
230,13697809,2022-07-15,"Lot. Jardim das hortencias","SAO JOAO","internet","Zucco","https://www.imobiliariazucco.com.br/imovel/terreno-de-292-m-dom-joaquim-brusque-a-venda-por-230000/TE0261-ZUCC?from=sale","Dom_Geo_03",0,701155.98,6992641.81,"Baixo Potencial",0,1147.37,6503.25,2519.23,618.71,1,329.69,292,787.67,230000,c(701155.980243664, 6992641.81031632),787.67
231,13697428,2022-07-14,"Cond. Reserva Club","AZAMBUJA","internet","Amo imoveis",NA,"Dom_Geo_03",3,705930.08,6997416.04,"Baixo Potencial",0,1288.45,1828.65,203.56,1,1495.48,731.89,418.9,787.78,330000,c(705930.076119621, 6997416.03962599),787.78
232,13661169,2022-07-12,"Cond. Reserva Club","AZAMBUJA","internet","Julio imoveis",NA,"Dom_Geo_03",3,705893.44,6997515.39,"Baixo Potencial",0,1291.86,1800.48,150.37,1,1391.42,680.41,418.9,787.78,330000,c(705893.439838779, 6997515.39093415),787.78
234,13710580,2022-07-18,"Rua Bento Frnacisco Sgrott","PRIMEIRO DE MAIO","internet","GOLDINVEST","https://www.goldinvestimoveis.com.br/detalhes_imovel/4694/terreno-no-bairro-primeiro-de-maio-brusque-venda-RS370000","Dom_Geo_03",2,707407.2,6998789.6,"Baixo Potencial",0,1422.4,160.99,1168.18,330.45,1,1901.09,465,795.7,370000,c(707407.196301325, 6998789.60148472),795.7
235,13750615,2022-07-27,"Rua beira Rio","DOM JOAQUIM","internet","Hoffmann","https://www.imobiliariahoffmann.com.br/imovel/913/terreno-em-brusque-no-bairro-dom-joaquim/","Dom_Geo_02",0,701565.59,6996287.8,"Baixo Potencial",0,1372.68,6179.93,361.58,400.55,893.54,1830.04,297,808.08,240000,c(701565.5860303, 6996287.79859637),808.08
238,13697858,2022-07-15,"Cond. Reserva Club","AZAMBUJA","internet","Zucco","https://www.imobiliariazucco.com.br/imovel/terreno-de-420-m-azambuja-brusque-a-venda-por-349000/TE0102-ZUCC?from=sale","Dom_Geo_03",3,706009.71,6997243.59,"Baixo Potencial",0,1285.34,1877.81,265.42,1,1679.81,860.42,420,830.95,349000,c(706009.710941055, 6997243.58605207),830.95
239,13710605,2022-07-18,"Lot. Solar dos ventos","SOUZA CRUZ","internet","PRIMAX","https://www.primaximoveis.com.br/imovel/terreno-no-bairro-souza-cruz-brusque-venda-RS250000/24199","Dom_Geo_03",3,704393.45,6997353.7,"Baixo Potencial",0,1269.02,3167.07,324.98,1,1706.51,452.07,300,833.33,250000,c(704393.447237732, 6997353.70231428),833.33
240,13697786,2022-07-15,"Rua Arthur Erico Heining","STEFFEN","internet","Zucco","https://www.imobiliariazucco.com.br/imovel/terreno-de-508-m-steffen-brusque-a-venda-por-424000/TE0166-ZUCC?from=sale","Dom_Geo_01",2,707229.29,7003390.33,"Baixo Potencial",0,1431.1,329.31,163.27,217.04,988.86,1131.85,508,834.65,424000,c(707229.286074334, 7003390.33403311),834.65
241,13723822,2022-07-21,"Cond. El Shaday","DOM JOAQUIM","internet","William Imoveis","https://www.williamimoveis.com.br/detalhes_imovel/4912","Dom_Geo_03",0,702496.89,6995282.87,"Baixo Potencial",0,1454.56,5207.47,707.03,1,1124.78,838.76,552.4,841.78,465000,c(702496.890435928, 6995282.87307341),841.78
242,13700299,2022-07-18,"Rua Antonio Giraldi","LIMOEIRO","internet","GOLDINVEST","https://www.goldinvestimoveis.com.br/detalhes_imovel/5117/terreno-no-bairro--brusque-venda-RS380000","Dom_Geo_02",1,710184.71,7006485.83,"Baixo Potencial",0,1334.39,978.15,463.63,650.03,1204.13,1,450,844.44,380000,c(710184.714025632, 7006485.83278069),844.44
244,13661178,2022-07-12,"Cond. Reserva Club","AZAMBUJA","internet","Julio imoveis",NA,"Dom_Geo_03",3,705794.06,6997533.84,"Baixo Potencial",0,1294.31,1873.61,214.44,1,1360.68,579.88,412,851.19,350692,c(705794.059294762, 6997533.84048214),851.19
245,13710555,2022-07-18,"Rua Libera Vasselai","PLANALTO","internet","GOLDINVEST","https://www.goldinvestimoveis.com.br/detalhes_imovel/2840/terreno-no-bairro-limoeiro-brusque-venda-RS320000","Dom_Geo_03",1,711143.34,7005511.4,"Baixo Potencial",0,1398.29,308.29,293.42,281.22,53.42,510.32,375,853.33,320000,c(711143.344941335, 7005511.39722321),853.33
246,13697420,2022-07-14,"Cond. Reserva Club","AZAMBUJA","internet","Amo imoveis",NA,"Dom_Geo_03",3,705940.54,6997481.6,"Baixo Potencial",0,1290.05,1781.39,146,1,1432.88,730.89,418.9,859.39,360000,c(705940.543062868, 6997481.59964388),859.39
247,13677309,2022-07-13,"Cond. Reserva Club","AZAMBUJA","internet","Julio imoveis",NA,"Dom_Geo_03",3,705793.02,6997491.68,"Baixo Potencial",0,1291.87,1897.2,240.03,1,1402.58,583.35,465,860.22,4e+05,c(705793.023904272, 6997491.67981182),860.22
248,13697813,2022-07-15,"Cond. Reserva Club","AZAMBUJA","internet","Zucco","https://www.imobiliariazucco.com.br/imovel/terreno-a-venda-403-m-por-350000-azambuja-brusque-sc/TE0246-ZUCC?from=sale","Dom_Geo_03",3,706051.24,6997295.99,"Baixo Potencial",0,1286.01,1811.84,198.82,1,1637.65,880.92,403,868.49,350000,c(706051.244388069, 6997295.98949834),868.49
250,13647417,2022-07-12,"Rua Jaco Bauer","JARDIM MALUCHE","internet","Julio imoveis",NA,"Dom_Geo_02",2,704847.53,7000604.41,"Baixo Potencial",0,2300.77,1648.54,535.17,1,1308.77,1198.76,423,886.52,375000,c(704847.532348751, 7000604.41090716),886.52
251,13677319,2022-07-13,"Cond. Reserva Club","AZAMBUJA","internet","Julio imoveis",NA,"Dom_Geo_03",3,705882.87,6997455.8,"Baixo Potencial",0,1289.91,1843.26,202.33,1,1448.7,677.77,450,892.26,401517,c(705882.865424774, 6997455.79974591),892.26
252,13730997,2022-07-25,"Rua 938 ? Rua Pref. Adolfo Walendowsky","SAO LUIZ","internet","Teresinho Baron","https://www.teresinhabaron.com.br/venda/1338/Terreno-no-bairro-Sao-Luiz","Dom_Geo_02",2,706683.22,7002310.93,"Alto Potencial",1,2240.01,67.12,201.21,611.51,533.11,568.08,608.9,903.27,550000,c(706683.223653808, 7002310.92821871),903.27
253,13697881,2022-07-15,"Rua Pedro Noldin","PRIMEIRO DE MAIO","internet","GOLDINVEST","https://www.goldinvestimoveis.com.br/detalhes_imovel/1811/terreno-no-bairro-primeiro-de-maio-brusque-venda-RS380000","Dom_Geo_03",2,707297.29,6999001.14,"Baixo Potencial",0,1450.55,68.39,998.5,289.37,108.58,2106.33,420,904.76,380000,c(707297.288087646, 6999001.13658626),904.76
254,13677324,2022-07-13,"Cond. Reserva Club","AZAMBUJA","internet","Julio imoveis",NA,"Dom_Geo_03",3,706086,6997294.49,"Baixo Potencial",0,1286.1,1787.19,176.43,1,1647.51,894.63,491.83,914.95,450000,c(706086.001279415, 6997294.49075192),914.95
255,13723816,2022-07-21,"Rua São Leopoldo","SAO PEDRO","internet","William Imoveis","https://www.williamimoveis.com.br/detalhes_imovel/2793","Dom_Geo_01",2,705053.57,7002950.4,"Baixo Potencial",0,1356.94,1700.17,645.57,760.46,1047.97,731.32,655.32,915.58,6e+05,c(705053.565033589, 7002950.3980181),915.58
257,13697817,2022-07-15,"Lot. Porto Rico","SAO PEDRO","internet","Zucco","https://www.imobiliariazucco.com.br/imovel/terreno-de-638-m-sao-pedro-brusque-a-venda-por-590000/TE0230-ZUCC?from=sale","Dom_Geo_01",2,706065.39,7002973.31,"Baixo Potencial",0,1745.26,781.62,364.61,1,103.46,1012.38,638,924.76,590000,c(706065.393080592, 7002973.30921095),924.76
258,13697412,2022-07-14,"Cond. Reserva Club","AZAMBUJA","internet","Amo imoveis",NA,"Dom_Geo_03",3,705932.63,6997446.84,"Baixo Potencial",0,1288.95,1808.24,178.01,1,1465.61,728.34,403,942.93,380000,c(705932.625229782, 6997446.83520058),942.93
259,13724488,2022-07-22,"Cond. Xavier Imhof","SAO PEDRO","internet","Jose Luis Ambrosi","https://www.joseluisambrosi.com.br/detalhes_imovel/1832/amplo-terreno-com-linda-vista-para-a-cidade-sao-pedro-brusque-condominio-horizontal-joao-xavier","Dom_Geo_01",2,706129.44,7002829.47,"Baixo Potencial",0,1879.99,649.72,306.8,58.88,1,1092.39,480,958.33,460000,c(706129.440513472, 7002829.46727689),958.33
260,13710571,2022-07-18,"Lot. Independencia","SAO JOAO","internet","GOLDINVEST","https://www.goldinvestimoveis.com.br/detalhes_imovel/4886/terreno-no-bairro--brusque-venda-RS250000","Dom_Geo_03",0,701437.7,6992705.46,"Baixo Potencial",0,1135.47,6214.54,2608.04,338.51,1,259.85,260,961.54,250000,c(701437.696816564, 6992705.45724978),961.54
263,13677317,2022-07-13,"Rua Ivandro Bruns","NOVA BRASILIA","internet","Julio imoveis",NA,"Dom_Geo_02",2,708368.66,7002028.31,"Baixo Potencial",0,1400.16,39.84,645.71,525.47,816.45,890.05,531.17,997.8,530000,c(708368.655176437, 7002028.31476473),997.8
264,13697602,2022-07-14,"Rua Nilo Bianchini","CENTRO I","internet","Moresco","https://imobiliariamoresco.com.br/imovel/3826/terreno-a-venda-centro--brusque-sc","Dom_Geo_02",2,706058.27,7001572.54,"Alto Potencial",1,2789.22,685.63,166.9,80.21,299.42,1,450,1000,450000,c(706058.269765149, 7001572.54467514),1000
265,13697413,2022-07-14,"Cond. Reserva Club","AZAMBUJA","internet","Amo imoveis",NA,"Dom_Geo_03",3,705843.33,6997457.59,"Baixo Potencial",0,1290.38,1874.53,226.86,1,1441.68,638.56,450,1000,450000,c(705843.331718915, 6997457.5866608),1000
266,13730998,2022-07-25,"Rua Vicente Schaeffer","CENTRO I","internet","M7","http://www.imoveisdebrusque.com.br/imovel/74049/terreno-bairro-centro/","Dom_Geo_02",2,707151.64,7001193.23,"Alto Potencial",1,2325.55,254.86,144.14,792.56,1076.59,730.9,160,1000,160000,c(707151.644884094, 7001193.23101724),1000
267,13700381,2022-07-18,"Cond. El Shaday","DOM JOAQUIM","internet","GOLDINVEST","https://www.goldinvestimoveis.com.br/detalhes_imovel/5061/terreno-no-bairro-dom-joaquim-brusque-venda-RS600000","Dom_Geo_03",0,702470.46,6995252.22,"Baixo Potencial",0,1455.63,5225.5,729.81,1,1155.54,800.7,595,1008.4,6e+05,c(702470.463150458, 6995252.22229953),1008.4
268,13697828,2022-07-15,"Cond. Reserva Club","AZAMBUJA","internet","Zucco","https://www.imobiliariazucco.com.br/imovel/terreno-a-venda-412-m-por-420000-azambuja-brusque-sc/TE0248-ZUCC?from=sale","Dom_Geo_03",3,706038.67,6997279.66,"Baixo Potencial",0,1285.77,1832.11,219.3,1,1650.69,874.39,412,1019.42,420000,c(706038.6724686, 6997279.66204876),1019.42
269,13697806,2022-07-15,"Rua Ci 001","CENTRO I","internet","Moresco","https://imobiliariamoresco.com.br/imovel/1560/terreno-a-venda-centro--brusque-sc","Dom_Geo_02",2,705911.79,7000870.89,"Alto Potencial",1,2783.31,590.18,81.59,256.37,924.25,653.39,818.8,1038.1,850000,c(705911.792382233, 7000870.89405176),1038.1
270,13724478,2022-07-22,"Rua Academica Razao e Virtude","SANTA TEREZINHA","internet","Jose Luis Ambrosi","https://www.joseluisambrosi.com.br/detalhes_imovel/2376/lindo-terreno-de-esquina-em-localizacao-privilegiada--santa-terezinha-brusque-o-local-ideal-para","Dom_Geo_02",1,709670.76,7004422.17,"Alto Potencial",1,1266.74,547.21,106.82,1,69.81,1057.25,380,1039.47,395000,c(709670.762998708, 7004422.17451422),1039.47
272,13723814,2022-07-21,"Rua Porto Rico","SAO PEDRO","internet","William Imoveis","https://www.williamimoveis.com.br/detalhes_imovel/5233","Dom_Geo_01",2,706028.8,7002905.31,"Baixo Potencial",0,1797.78,774.79,398.29,1,76.17,1033.38,500,1060,530000,c(706028.795956009, 7002905.31230638),1060
273,13710573,2022-07-18,"Rua Porto Rico","SAO PEDRO","internet","GOLDINVEST","https://www.goldinvestimoveis.com.br/detalhes_imovel/5040/terreno-no-bairro-sao-pedro-brusque-venda-RS530000","Dom_Geo_01",2,706059.83,7002864.13,"Baixo Potencial",0,1833.46,727.4,370.04,1,39.12,1084.59,500,1060,530000,c(706059.829718129, 7002864.12899798),1060
274,13731848,2022-07-25,"Rua Rosa Grotti Kormann","CENTRO II","internet","HAGA","https://hagaimoveis.com.br/imovel/terreno-a-venda-em-brusque-sc/445","Dom_Geo_02",2,708413.57,7001825.84,"Alto Potencial",1,1424.14,139.99,747.63,450.4,1023.1,929,448.05,1115.95,5e+05,c(708413.566639494, 7001825.83780433),1115.95
276,13723831,2022-07-21,"Rua Elpidio da rocha","AGUAS CLARAS","internet","William Imoveis","https://www.williamimoveis.com.br/detalhes_imovel/3881","Dom_Geo_03",3,708162.72,6995014.75,"Baixo Potencial",0,1272.86,14.8,896.74,439.27,117.25,178.89,548,1122.26,615000,c(708162.723035132, 6995014.75260107),1122.26
277,13724528,2022-07-22,"Rua Francisco Sassi","JARDIM MALUCHE","internet","Jose Luis Ambrosi","https://www.joseluisambrosi.com.br/detalhes_imovel/864/amplo-terreno-no-bairro-maluche---aceita-50-do-valor-em-permuta--jardim-maluche-brusque-amplo","Dom_Geo_02",2,704662.06,6999989.4,"Baixo Potencial",0,2098.66,1953.4,509.27,1,927.95,1802.02,534,1179.78,630000,c(704662.060470384, 6999989.39504021),1179.78
278,13731840,2022-07-25,"Rua Jorge Lacerda","JARDIM MALUCHE","internet","CNZ","https://www.cnzimoveis.com.br/imovel/157171/brusque-terreno-jardim-maluche--amplo--plano--lindo","Dom_Geo_02",2,705422.93,7000173.19,"Baixo Potencial",0,2387.31,1178.06,249.38,1,1018.14,1345.59,650.15,1199.72,780000,c(705422.927108364, 7000173.18945868),1199.72
279,13724520,2022-07-22,"Rua Augusto Klapoth","AGUAS CLARAS","internet","Jose Luis Ambrosi","https://www.joseluisambrosi.com.br/detalhes_imovel/2199/terreno-em-otima-localizacao-para-residencial-e-comercial-Aguas-claras-brusque-lindo-terreno-com","Dom_Geo_03",3,708154.89,6994969.87,"Baixo Potencial",0,1271.34,22.57,941.04,468.62,121.61,207.67,565,1219.47,689000,c(708154.889085574, 6994969.86838694),1219.47
280,13697381,2022-07-14,"Rua Primo Diegoli","SOUZA CRUZ","internet","Amo imoveis",NA,"Dom_Geo_03",2,705162.23,6998935.01,"Baixo Potencial",0,1660.19,1814.98,437.54,56.1,1,1085.39,450,1222.22,550000,c(705162.226756916, 6998935.0108197),1222.22
281,13723810,2002-07-20,"Rua Ordem e Progresso","SANTA TEREZINHA","internet","William Imoveis","https://www.williamimoveis.com.br/detalhes_imovel/4768","Dom_Geo_02",1,709659.2,7004455.03,"Alto Potencial",1,1264.84,571.41,93.11,1,42.23,1049,333.41,1229.72,410000,c(709659.198613215, 7004455.03385767),1229.72
282,13731778,2022-07-25,"Rua Walfredo Maffezzolli","CENTRO I","internet","Teresinho Baron","https://www.teresinhabaron.com.br/venda/1491/Terreno-Centro","Dom_Geo_02",2,706482.32,7001767.3,"Alto Potencial",1,2659.01,283.24,251.87,38.73,469.58,383.48,585,1282.05,750000,c(706482.31541887, 7001767.30004619),1282.05
284,13735338,2022-07-26,"Rua Maximiliano Furbringer","JARDIM MALUCHE","internet","LB","http://www.lbimoveis.com/site/detalhes_imovel/1219/terreno-maluche-jardim-maluche-brusque-lindo-terreno-pronto-pra-construir-com-agua-luz-cercado","Dom_Geo_02",2,704736.43,6999179.06,"Baixo Potencial",0,1777.93,2099.59,29.82,38.75,340.7,1331.77,831.25,1443.61,1200000,c(704736.434401263, 6999179.06234345),1443.61
287,13692800,2022-07-14,"Rua Gustavo Halfpap","CENTRO II","internet","Amo imoveis",NA,"Dom_Geo_02",2,707244.83,7000268.19,"Alto Potencial",1,1927.72,359.59,563.03,330.15,169.61,1606.5,450,1648.89,742000,c(707244.832622204, 7000268.18652516),1648.89
288,13735258,2022-07-26,"Rua Vitorio Demarche","SANTA RITA","internet","CNZ","https://www.cnzimoveis.com.br/imovel/155813/brusque-terreno-72660m%C2%B2--santa-rita","Dom_Geo_02",2,707890.68,7002553.92,"Alto Potencial",1,1458.61,610.53,45.9,361.52,472.45,653.97,726.6,1651.53,1200000,c(707890.682535345, 7002553.91724307),1651.53
289,13697597,2022-07-14,"Rua julio reinoldo","JARDIM MALUCHE","internet","Moresco","https://imobiliariamoresco.com.br/imovel/3825/terreno-a-venda-jardim-maluche--brusque-sc","Dom_Geo_02",2,704989.88,7000240.31,"Baixo Potencial",0,2301.81,1564.81,543.83,1,1084.62,1419.76,900,1666.67,1500000,c(704989.884058332, 7000240.31365311),1666.67
292,13724479,2022-07-22,"Rua Olibio Barbi","SANTA RITA","internet","Jose Luis Ambrosi","https://www.joseluisambrosi.com.br/detalhes_imovel/2695/terreno-plano-loteamento-no-bairro-santa-rita--santa-rita-brusque-excelente-terreno-no-loteamento","Dom_Geo_02",2,708328.42,7002941.11,"Alto Potencial",1,1265.91,401.35,87.35,207.13,1,1105.48,285,1859.65,530000,c(708328.423342434, 7002941.1120268),1859.65
